id,name,ruby,bust,cup,waist,hip,height,birthday,hobby,prefectures
1099472,瀬戸環奁Eせとかんな,,,,,,,,
1091799,椎名忁E,しいなこEめE84,E,59,88,164,2002-04-21,ミュージカル観劁EE楽鑑賞、読書E活字が好き！E北海遁E1089946,彩月丁EEさつきなぁE92,H,59,89,164,2002-06-16,観劁E旅衁E東京都
1089648,西園寺ぁE,さいおんじうぁE92,,56,85,168,1997-05-10,勉強、英誁E京都庁E1088606,芹沢なぁEせりざわなぁE90,E,58,89,164,2003-01-14,筋トレ,新潟県
1087427,斉藤币EEさいとぁEのぁE82,C,56,83,149,2000-07-22,美容、新体操,東京都
1081600,鈴の家りん,すずのめEめE86,E,58,86,151,2002-09-10,映画鑑賞、Eべること,兵庫省E1076817,鷲見すみめEすみすみめE86,E,58,88,162,,音楽鑑賞、ゲーム、テニス,東京都
1075675,末庁EEすえひろじめE,82,D,60,86,154,,,
1075664,瀬乁Eなみ,せEみなみ,85,E,58,83,169,,美活、E楽・映画鑑賞、EチEの散歩、ゲーム、歌う亁E東京都
1075160,篠宮祐币EしEみめEぁE,88,E,62,90,163,,,
1074280,鈴原みらん,すずはらみらん,90,G,59,88,170,1999-03-30,美容、メイク、語学(トリリンガル / 英語E韓国誁E,
1074057,東雲虹架,しEのめにぁE92,F,60,92,160,2001-07-01,食べること、ゲームEEFOキャチEャーEE神奈川県
1071712,皁EぁEすめらぎめE,86,E,55,82,155,1996-01-16,美容、体を動かす亁E北海遁E1071050,白石みぁEしらぁEみぁE98,J,56,85,152,,,
1069253,瀬田一花,せたぁEぁE98,G,65,99,175,1998-12-10,料理,
1066653,白石かEめEしらぁEかEめE89,F,59,89,148,1997-07-07,,
1066537,白峰ミウ,しろみねみぁE90,,60,94,170,1997-02-16,映画鑑賞、筋トレ,
1064559,潮美E,しおみまぁE83,D,56,82,,1999-07-14,,
1064393,塩見彩,しおみあや,83,D,57,84,160,1996-06-17,旁E、美容、料琁EキチEボクシング,
1063906,汐世（有栖花あかEEしおせ（あすかあかEE105,J,59,88,,1998-02-17,,
1063844,志恩まぁEしおんまぁE88,E,58,86,160,,,
1063643,鈴乁EEEすずのひろか,86,D,61,91,,1984-05-30,,
1063198,白鳥みなみ,しらとりみなみ,93,,59,90,160,,海外旅衁E
1060675,詩音乁EめEしおのらん,90,H,60,90,160,1998-04-17,,
1059812,さとぁE音,さとぁEおん,92,G,58,86,164,,,
1058590,相馬茁Eそうまあかね,86,D,59,87,156,,,
1058178,詩月まどぁEしづきまどぁE99,H,59,88,,1996-09-17,読書、バレーボEル、手を使わなぁEナニー,
1056062,新川E丁Eしんかわあいな,90,,61,88,,,,
1055079,斎藤あみめEさいとぁEみめE85,F,59,88,159,2000-01-23,アイドル鑑賁E似顔絵,静岡省E1052245,杉浦美俁EすぎぁEみほ,98,F,62,88,160,,,
1051971,白川未奁Eしらかわみな,92,,60,88,157,1987-12-26,プロレス、ウェイトトレーニング,東京都
1051970,篠原ちとぁEしEはらちとぁE103,H,64,89,160,,,
1051969,園原奈、EEそEはらななぁE84,D,59,83,153,,,
1051912,涼森れE,すずもりれE,87,D,58,85,160,1997-12-03,音楽鑑賞、けん玉,三重省E1050836,真田さなE真田美樹、真田みづ稀EEさなださなEさなだみき、さなだみづき！E93,G,60,90,166,1996-03-14,ギター、ソフトボEル、バスケ,埼玉県
1050139,篠崎かんな,しEざきかんな,95,G,65,100,153,,,
1050109,白井めぁE,しらぁEぁE,92,H,62,86,159,,散歩、EPシューチE
1048415,坂本さやぁEさかもとさやぁE93,H,58,95,160,,,
1048225,白木エレン,しらきえれん,90,G,58,88,155,,,
1047532,汐音まめEしおねまめE88,G,57,86,166,,,
1046565,佐伯なるみ,さえきなるみ,94,G,56,88,,,,
1045456,須原のぞみ,すEらEぞみ,98,G,61,88,153,,,
1044866,涼木奁EすずきうぁE105,I,63,89,,,,
1043732,鈴木明那,すずきあきな,92,H,57,82,,,,
1042973,彩月芽侁EさつきめぁE93,G,57,90,,,,
1041545,ソヨン,そよめE82,C,56,83,,1997-06-20,オナニー,
1040696,冴島エレチEさえじまえれな,84,C,59,90,163,1988-03-31,カラオケ・絵を描くこと/,神奈川県
1040506,瀬名きらり,せなきらめE84,C,57,83,152,,カラオケ、裁縫,
1040128,石倉沙緒里,せきくらさおめE92,G,59,90,157,,ショチEング/,
1039293,関根奈羁Eせきねなみ,75,,60,85,153,1996-12-15,カラオケ、ディズニE、アイドル、ダンス,
1038363,笹川蓉孁EささがわようぁE92,E,65,93,156,,,
1038345,すみれ美馁EすみれみぁE100,I,57,88,160,1986-01-30,おもてなし研究、Eるるんパイズリ/膣締めE兵庫省E1037091,白川サユ,しらかわさゆ,90,H,55,81,,1990-08-18,ヨガ/マッサージ,
1036643,渁EめE,せいじょぁEぁE88,F,58,88,,,ヨガ,
1036052,瀬田ちさと,せたちさと,83,C,58,86,158,,クラリネットEサチEス,
1035585,瀬名早智孁EせなさちぁE83,C,64,84,150,,ピアノEチEス/,
1034954,酒井E梨孁EさかぁEりこ,93,E,62,90,,,,
1034488,鈴屋いちぁEすずめEちぁE86,D,60,70,148,,,
1034309,潮崎ミア,しおざきみぁE89,E,59,87,162,1995-10-21,,
1034248,里中ともみ,さとなかともみ,92,E,60,90,165,,,
1034246,椎名琁EE孁EしいなりえぁE88,D,64,95,167,,,
1034085,スーザン・ユリカ,すEざんめEぁE88,F,60,88,168,,3PシューチE
1034017,白石真琴,しらぁEまこと,92,G,59,90,162,,勉強/陸上競技,
1033799,鈴原みりあ,すずはらみりあ,90,G,58,88,147,,,
1033516,椎名えE,しいなえE,120,M,70,95,153,,,
1033410,斉藤みめEさいとぁEめE90,F,61,88,158,1994-03-22,,
1033290,SERA,せら,85,D,58,88,160,,ダンス、即尺,
1033238,笹倉杏,ささくらあん,97,H,63,88,162,,,
1033176,瀬田奏E,せたかなぁE90,G,60,90,166,1994-04-06,ストレチE、料琁Eお菓子作り,神奈川県
1033021,染谷あゆみ,そめめEめE,83,,58,85,,,,
1032989,坂井里羁EさかぁEとみ,90,G,59,89,149,1996-01-17,手芸、ゲーム,山口省E1032867,瀬野みめEE,せEみめEE,83,,56,85,,,,
1032835,城月あやね,しろつきあめEE,95,G,60,90,160,,,
1032433,佐、Eエリー,ささきえりE,98,I,59,92,,,,
1032097,椎名そら,しいなそら,88,E,56,83,155,1995-07-12,,愛知省E1031005,園田みおん,そEだみおん,90,G,58,88,,1994-11-11,アニメ・カラオケ/,神奈川県
1030144,瀬古あさひ,せこあさひ,82,C,58,82,153,,買ぁE、カラオケ/チEス、キチEボクシング,
1030117,早乙女美、Eさおとめみみ,90,F,55,88,165,,写真、漫画、英会話,神奈川県
1029803,篠崎ゆぁEしEざきめE,100,J,59,90,151,,散歩,
1029302,瀬戸めE,せとめE,92,E,65,93,162,,,
1028860,杉崎千佳,すぎさきちぁE87,D,60,88,165,,,
1028658,西条沙羁EさいじょぁEめE95,H,59,92,160,,スポEチE
1028570,杉崎絵里奁Eすぎさきえりな,86,E,58,85,162,,,
1028326,鈴森ローサ,すずもりろEぁE95,H,56,86,160,1995-08-11,カフェ巡りE登山,
1028240,冴木真孁EさえきまぁE89,D,59,88,165,,,
1027900,瀬名みづぁEせなみづぁE81,C,58,85,153,1996-01-23,カラオケ、お菓子作り,神奈川県
1027837,園崎美弥,そEざきみめE85,E,57,85,160,,,
1027409,澁谷果歩,しEめEほ,93,K,58,87,150,1991-05-20,ギター、英誁E東京都
1026648,丁EちとぁEさえぐさちとぁE110,I,71,100,167,,散歩,
1026203,涼木みらい,すずきみらい,87,D,59,88,155,1994-12-27,スノE、ピアチE東京都
1025522,佐伯めEな,さえきゆきな,94,G,58,88,174,1993-08-24,読書、料琁E東京都
1025503,篠田あゆみ,しEだあゆみ,95,I,58,84,157,1985-11-16,,神奈川県
1025487,渁E琁EEしみずりぁE88,,58,86,166,1993-08-08,ショチEング、料琁E水泳,
1025047,白井ユリ,しらぁEめE90,,64,87,168,,,
1024433,涼川絢音,すずかわあやね,85,E,58,86,157,1993-11-14,散歩、ヨガ,福岡省E1024364,鈴宮まめEすずみめEめE96,G,61,90,157,,,
1024075,潮見百合孁EしおみめEぁE85,E,60,89,165,,,
1023944,瀬奈まぁEせなまぁE84,C,56,85,152,1994-11-11,お菓子作り、ゲーム、料琁EEチEージ,秋田省E1023848,鈴羽みぁEすずはみぁE87,E,58,85,148,1989-09-25,料理,
1023628,城野絵琁EEしろのえりぁE90,E,65,96,170,,,
1023157,涼風ことの,すずかぜことの,85,D,58,87,165,1995-08-25,,
1022949,冴木琴羁Eさえきことみ,84,C,59,83,150,1977-04-19,料理、上目遣ぁE埼玉県
1022550,塩原美月,しおばらみづぁE86,C,60,88,160,,,
1022228,鈴村いろE,すずむらいろE,100,J,61,89,157,1988-09-24,熱帯魚観賞、料琁E
1022171,白咲未羽E白咲美羽EEしらさきみめE89,E,61,87,154,,,
1021948,染谷京馁EそめめEめEぁE93,E,60,90,159,,,
1021922,菁E直羁Eすがわらなおみ,86,B,65,88,154,,,
1021857,末木めEは,すえきゆりE,88,G,60,90,160,1993-05-20,チEス、書遁E
1021808,しEだ芽衣,しEだめい,110,J,61,94,168,,,
1021806,沢田況EさわだぁEみ,94,F,65,90,,,,長野県
1021742,菁E恵羁Eすがたにえみ,96,,70,100,160,,,
1021560,佐伯馁Eさえきかおり,86,,57,87,,,,
1020949,椎名まりな,しいなまりな,98,I,59,87,163,1992-11-20,読書,東京都
1020504,白石茉莉奁EしらぁEまりな,90,G,60,90,154,1986-08-10,料理、ゴルフ、E校野球観戦,東京都
1020149,篠原優,しEはらゆぁE89,G,55,85,,,,
1020139,佐、EかれめEささきかれん,130,I,98,120,,,,
1019802,椎名あずぁEしいなあずぁE90,F,56,84,161,,,
1019544,桜沢ことみ,さくらざわことみ,97,F,62,88,152,,ドライチE
1019329,鈴木忁E,すずきこはめE85,F,58,85,160,1993-12-01,料理、新体操、体が柔らかいこと,神奈川県
1018922,桜咲ひな,さくらざきEな,95,H,62,91,154,,,
1018918,瀬戸夕馁EせとめEぁE88,F,58,90,180,,,
1018794,冴島めEめEさえじまめEめE86,C,64,89,162,,,
1018148,芹川菜、Eせりかわなな,85,C,57,87,155,,,
1017667,冴島かおめEさえじまかおめE88,F,58,87,156,1989-08-16,,東京都
1016726,白石陽菁EしらぁEひな,95,,60,85,,,,
1016610,城之Eまりな,じょぁEEぁEまりな,153,Q,100,120,160,,,
1016136,三枝めE,さえぐさめE,100,H,70,105,170,,,
1015599,須藤早紀,すどぁEぁE100,H,59,88,166,,ペットE散歩,
1014982,めEきちぁEさくらぎりあEかじかりんEE115,L,59,85,157,1990-09-11,スポEチE
1014650,小早川怜孁EそEざきあんめE81,D,58,84,148,1990-07-20,バレーボEル,
1014459,ほしE由侁EそEだせいめE89,G,58,85,164,,,
1013618,高下えりか,せとめEぁE83,,58,84,156,1988-06-25,ショチEング,
1013499,二宮ナナ,すEはらみぁE88,D,63,88,163,1991-11-23,料理、ピアチE
1013253,一ノ瀬ルカ,せりざわつむぁE75,C,55,80,151,,ダーチE旅衁E
1012804,北川みなみ,すずみめEぁE100,G,63,98,160,,,
1012772,綾瀬みなみ,さとぁEめE92,G,59,88,154,1991-04-15,スポEチE神奈川県
1012598,林杏樹,さくらゆぁE110,J,60,88,156,1989-04-02,ゴルフ、カラオケ,東京都
1012522,野風あさみ,しらとりすみめE107,K,64,90,157,,音楽鑑賞、ドライブ、料琁Eパソコン,
1012503,美波じゅめEしいなあや,85,,58,83,153,1992-12-03,料理、アニメ、ゲーム,東京都
1012425,大鳥志穁EさくらまぁE,120,,68,118,,,,
1012319,上原もE,さとぁEめEE,101,,74,112,164,,,
1011960,丁EとめEさえきみずほ,83,C,57,85,160,,,
1011652,石井麻奈羁EせなぁEぁE81,,55,79,161,1991-05-30,コスプレ、サバイバルゲーム、ピアノ、ドラム、木琴、ヴァイオリン,東京都
1011538,里田ひかる,そらのめE,86,F,56,84,163,1983-12-12,,東京都
1011507,来栖EなぁEさとだひかる,95,H,60,98,170,,料理/バレーボEル,東京都
1011186,優希みぁEしいなめEぁE83,,59,85,154,,,
1010946,荒川Eろみ,すがわらりか,88,,61,92,160,,,
1010915,ノEチEすずおかあかめE85,C,58,85,150,,,
1010862,西尾礼奁EすずむらけぁE93,,58,89,,,,
1010693,持田美琴,さくらいはるか,98,,70,110,163,,,
1010525,金崎あぁEせとりょぁE83,C,55,84,165,,,
1010440,月島あいぁEしらかわめEの,90,F,62,86,166,,,
1010367,近江なみ,そうまあゆぁE82,C,59,81,163,,,
1010304,神代亜紀,すずかわきよみ,90,F,63,87,163,,,
1010152,えりりかE片桐えりりか！EすずきあぁE,101,I,59,88,155,1991-11-06,岩盤浴,庁E省E1009927,神崎莱夢,せりおかちなつ,81,B,60,88,158,,,
1009916,めEき真央,せとひまめE88,F,61,87,155,,,
1009778,紫ちひめEせEめEぁE84,,58,84,153,1991-12-05,音楽鑑賞、水泳,神奈川県
1009304,前田かおめEせなひかり,93,G,61,93,162,,,
1009068,白鳥美玲,さいじょぁEぁE,86,D,61,93,160,,,
1009046,香川翁Eしらとりみれい,90,E,60,89,163,1981-09-24,ゴルフ、スノE、体操,静岡省E1008785,真木今日孁EしEだめE,88,F,60,88,155,1991-07-21,DVD鑑賞、ジャズダンス、ピアチE東京都
1008712,藍原陽孁Eすぎもとあみ,100,G,61,100,155,,,
1008617,小西悠,ささきEるか,95,G,60,87,168,1986-02-10,エレクトEン、スノEボEチE神奈川県
1008291,高杉花朁EしんどぁEEかり,89,,67,90,165,,,
1007923,佐伯美菜,すずはらみぁE108,J,65,92,157,,,
1007921,森川智華,さえきみな,85,E,60,88,158,,,
1007812,前田優币EしEはらあめE90,E,59,81,153,1991-06-04,映画・アニメ鑑賞、ネイルアート、柔軟体操,秋田省E1007741,霜月るな,せとみずほ,91,G,54,82,155,,,東京都
1007565,菜月アンチEしもつきるな,92,G,60,90,164,1990-07-07,ショチEング、カラオケ、コスプレ,東京都
1007453,青山ローズ,せりざわめE,90,J,60,85,148,1991-11-15,映画鑑賞、テニス,東京都
1007357,海老原ひとみ,すずきりりか,90,G,55,84,,,,
1006279,西川紗币EささきゆぁE,100,,64,98,165,,,
1006096,藍乁EぁEさくらいめEぁE120,K,75,100,165,,,
1005536,冁E美奈孁Eさくらゆずき,115,K,68,94,157,1990-04-30,ネイル、ダーチEカラオケ,
1005195,矢田百合馁Eしいなひかる,81,E,59,84,160,1991-12-06,ショチEング、書遁E宮城県
1005013,辻仁羁Eしおばなひな,89,,60,88,153,,,
1004455,長谷川杏実（長谷川杏美！EさいじょぁEめE111,M,57,85,,1990-03-01,ネイル、DVD鑑賁E東京都
1003989,結城みぁEせいのめE,83,C,61,86,160,1990-02-14,音楽紹介、読老Eピアノ、英椁E紁E長野県
1003630,山田真衣,せなりょぁE88,C,60,83,162,1985-07-15,料理、スノEー,東京都
1003419,姫咲れいな,せなじゅめE86,D,59,84,162,,,
1003083,村西まりな,さざなみめE,110,L,69,100,165,,,
1002674,神野みつぁEさえきさぁE90,H,58,84,155,1990-03-03,ネットサーフィン、読書、買ぁE、ブラインドタチE,東京都
1002639,小沢アリス,じんのみつぁE123,,86,100,164,,,
1002515,木下柚花,すおぁEきこ,85,F,56,93,158,1988-12-03,ダンス、EチEージ、ゲーム、漫画、猫,神奈川県
1002473,夏原カレン,しずくEぁE,88,E,58,88,162,1989-07-01,料理,兵庫省E1001667,吉沢亜希孁EしらぁEみさき,90,F,62,85,170,1986-08-08,ショチEング、EチEージ,大阪庁E1001403,丁EしほめEさえじまあや,90,,60,88,,,,
1001131,青山ミレイ,せきぐちまこと,80,,57,84,,,,
1000556,ひなた結衣,すぎさきりか,89,F,58,88,163,1988-10-10,ショチEング、ゲーム,東京都
1000370,橘E孁EさわむらまめE92,F,59,85,158,,読書、お酒好ぁE
30705,西山あき,せがわりぁE83,D,59,85,160,,,
30670,中野E釁EさくらみちめE94,F,58,82,167,1976-04-13,AV鑑賞、裁縫,
30527,吉澤玲孁EさつきみちめE118,H,100,125,,,,
30317,高瀬ひとみ,しいなめE,88,,58,85,158,1989-11-18,イラスト、ドライブ、料琁E東京都
30131,優木奈羁Eさとなかあきな,96,J,61,88,157,1989-12-22,散歩,神奈川県
29989,北条麻妁Eさおとめらんま,90,D,63,90,165,,,
29811,松坂南,すえながあぁE89,E,59,88,156,,通販、ショチEング,
28566,葉山リサ,すずぁE90,,58,88,,,,
28343,櫻庭茁EせなあすぁE90,F,55,83,162,1986-08-04,ボウリング,東京都
28187,葵ぶるま,さくらEあかね,100,H,63,89,,,,
27990,椎名ルイ,さくらゆぁE92,G,60,85,155,1989-02-28,リラチEマ収雁EE丁E
27923,岬まめE,しいなるい,90,E,58,85,167,1987-07-28,カラオケ,栁E省E27887,高嶺ミリア,すずかEぁE,103,J,66,92,155,1988-09-02,,東京都
27865,みはめEせんどぁEめE,90,E,63,84,168,1984-08-01,ドライチE神奈川県
27644,倖田みらい,さかきEなの,100,I,60,84,164,1987-07-07,ショチEング、スポEチE東京都
27563,月島愁Eしいなまな,80,,53,81,152,,,
27552,桜あめE,さえじまめE,86,D,58,83,152,1989-09-01,掁E、ネイルアーチE東京都
27414,芳野弥甁EさくらあめE,93,F,59,83,161,1988-11-11,音楽鑑賁E秋田省E27342,小峰ひなぁEせんざきはるか,107,I,70,98,156,,,
26974,KOMACHI,しいなくるみ,92,G,58,84,148,1989-01-31,ゲーム、料琁E東京都
26820,森屁EづめEさくらいちはめE99,F,60,89,,,,
26760,愛Eあみ,さいとぁEおこ,82,,58,84,,,,
26649,KEI,すぎはらももか,100,H,60,90,164,1985-12-15,ショチEング、スノEボEチE山形省E26392,三枝めEな,せりざわまぁE90,F,59,84,,,,
26314,長澤あずぁEさえぐゆきな,122,K,65,98,158,,,
26077,友亜リチEさおとめりめE82,C,57,83,154,1991-07-09,,
25970,倉咲めE,しゃんどんもぁE96,G,61,83,165,1987-02-08,マンガ、お酁E神奈川県
25947,西岡綾,さとぁEき（さとぁEき、すずきしほEE95,G,62,88,158,1978-07-28,,神奈川県
25748,星野梨緁EすまあんめE91,E,60,88,162,1986-12-23,岩盤浴、ジム、料琁E東京都
25455,渋谷あすぁEせきぐちりE,90,,58,88,169,,,
25420,二宮亜季,しEめEすか,90,F,64,88,154,1989-12-14,ショチEング,東京都
25386,eco,すずきさな,86,,58,85,,,,
25274,中森玲孁EしEはらEつぁE100,,72,105,,,,
24651,流Eちち,せなあゆむEEろせあいこ！E90,E,58,88,158,1986-11-09,歌、ダンス,長野県
24431,姫咲まりあE水沢愛音EEさおとめうらん,84,,59,85,,1988-08-08,,東京都
24342,小宮めE,さくらいあい,92,G,60,90,,,,
24178,野乁EEなの,すずみめEむ,86,E,58,86,,,,
24111,艶堂しほり（遠藤しおり！EしEめEぁE89,D,61,86,157,1989-03-05,カラオケ,東京都
23946,相馬瑠菁Eせりざわれん,80,C,56,83,153,1975-07-01,,東京都
23942,小室アリス,そうまるな,84,,58,82,,,,
23794,吉永紁EせおりさめE88,F,59,86,166,1986-03-11,ピアノ、読書,東京都
23682,中村綾乁EさとぁEり（EしおかまぁEE93,,58,85,163,1986-08-20,チEス・ピアチE神奈川県
23492,優希あさみ,すずかぜめE,87,D,60,85,164,1983-11-17,ウェイクボEド、映画鑑賁E岡山省E23479,早乙女ルイ,しおめE87,D,61,90,164,,映画鑑賁E
23445,西条まきE,さおとめるぁE85,D,57,82,153,1988-06-26,チEズニEランドに行くこと,東京都
23428,小林芽衣E小林メイEEそEはらみぁE89,E,59,88,159,1988-11-15,買ぁE、料琁E北海遁E23425,魚住紗汁EさいじょぁEきE,80,C,58,86,,,,
23140,相冁Eカ,すずきかなで,85,C,58,86,169,1979-09-19,,
22661,前乁Eとみ,せい,85,,59,85,154,1985-07-07,音楽鑑賁E
22474,星美繁Eすずきさとみ,85,F,58,82,151,1988-09-09,舞台鑑賁E十E省E22044,瀬戸ひなぁEせんどぁEりあ,84,,56,85,156,1985-07-28,料理、お菓子作り,東京都
22027,矢田みりあ,せとひなぁE83,D,59,85,148,1988-10-04,,新潟県
21951,稲森ジュリ,せいめE85,,58,86,,,,
21945,藍花E花桐まつり！Eさいかわあい,83,,58,87,,,,
21549,新垣はるか,さやまあい,98,H,61,90,,1989-01-08,ネットサーフィン,東京都
21376,速水百合亁EせんどぁEEるな,81,D,62,86,161,,,
21335,白鳥祥孁Eすみかわろあ,90,,60,88,171,1988-04-01,映画、DVD、E楽、カラオケ、じめEなん♪,東京都
21311,結城圭孁EしらとりしめEぁE93,,70,98,153,,,
21217,高岡紗英,すずかわさくめE93,G,59,89,,,,
21051,斉藤美穁EせとめE,97,H,61,88,,1988-06-01,買ぁE,
21006,伊東静汁EさいとぁEほ,89,,60,85,156,1979-03-20,,埼玉県
20963,東城利麻,すぎぁEまみ,87,D,63,88,168,,,
20939,Kei-ko,ささきしのぶ,115,H,90,105,155,,,
20804,山本艶孁Eしまむらゆかり,88,E,56,83,156,1988-03-22,チEス、テニス,神奈川県
20798,永瀬あき,すずかりめE,85,C,57,83,,1985-09-17,ショチEング、ピアチE
20763,雪見紗弥,さわきるみ,109,H,65,90,,,,
20687,矢吹怜孁Eしいなめぐみ,80,B,56,80,152,,歌Eピアノ、歌うこと・絵を描くこと・散歩,
20656,大嶋E,せとめEぁE83,D,62,89,163,1971-01-01,,
20651,杏美月,せいのまりあ,83,C,57,82,162,1988-02-14,コスプレ、笑顁E東京都
20558,春永みぁEすぎたしずえ,90,,60,86,152,,,
20520,川村みめEさおとめかおり,90,E,60,90,165,1976-09-04,映画鑑賁E東京都
20516,宗政美貴,すぎぁEめE,88,,59,86,153,,,
20364,徳田夏汁Eさなだはるか,95,G,58,88,165,1988-06-06,絵画、バトミントン,
20253,百瀬めEな,しいなちひめE85,E,59,83,163,1986-12-19,料理、映画鑑賞、バスケチEボEル,神奈川県
20220,大須賀由羁Eせきらら,90,,56,90,,,,
20181,岡田真由馁Eそうまりん,80,E,53,80,,,クラシチEバレエ、散歩,
19743,黒田美礼,せとるみ,80,,58,81,,,,
19650,福沢あや,せんりなな,120,H,90,100,162,,,
19635,唯菁EしんじょぁEぁE89,,58,89,156,1950-09-12,,
19311,滝川アンチEしらさかめE,92,F,62,92,154,,,
19219,花川Eらり,さかきあめE90,F,56,82,155,1985-10-13,料理,三重省E18905,遥めぐみ,さおとめあめE,83,B,60,90,155,,,
18897,織田真孁Eせざきるな,88,E,58,85,160,1986-06-10,買ぁE、テニス,東京都
18536,八木あゆみ,しいなべにぁE83,C,64,85,160,,,
18297,鈴木丁E,さや,92,,60,93,,,,
18283,大谷ひろみ,すずきなほ,86,E,60,88,154,1987-02-19,ショチEング、E楽鑑賞、カラオケ,東京都
18047,むらさき真珠,そEはらりぁE83,C,58,85,157,1986-12-03,音楽鑑賞、料琁E神奈川県
17893,つぼみ,すぎもとあやな,85,C,58,86,159,1985-07-02,チEス、エレクトEン,北海遁E17724,倉田めE,しらぁEみぁE98,H,60,98,164,1986-01-10,料理、E楽鑑賁E秋田省E17717,夏樹翔孁EさおとめゆぁE82,C,58,85,166,1983-08-15,書遁E神奈川県
17594,くるみE未来EEすずきちぁE90,G,58,86,160,1986-03-25,お菓子作り,東京都
17556,百瀬まひめEせつなあい,87,D,58,87,161,,,
17533,小阪すみめEしまたにさゆめE105,J,60,93,165,1985-09-17,水泳、E楽鑑賁E岡山省E17465,若葉みどめEすぎもとくみぁE85,,58,85,150,1970-03-16,,北海遁E17332,さとぁE馁Eさくまくみ,93,E,70,90,160,,,
17246,三森杏奁EさとぁEぁE93,H,60,88,168,1984-04-17,マッサージ,東京都
16806,結城ひろみ,さいとぁEあき,86,,58,86,160,,,
16800,武藤杏奁Eさくらもなみ,105,I,62,93,161,1987-03-05,旁E、料琁E神奈川県
16632,野口麻孁Eさおとめゆみ,100,D,70,90,153,,,
16559,佐野郁孁Eすずかゆらん,85,D,59,86,161,1987-01-21,ショチEング、料琁E神奈川県
16548,早乙女未央,すずきありさ,85,C,59,87,150,1983-01-28,料理、E勁E東京都
16409,鈴房ありぁEさEぁEぁE105,F,68,98,168,,,
16387,倉沢みづぁEさおとめみぁE82,B,59,83,,,,
16028,森房羁Eすずふさありさ,90,F,58,85,165,1987-01-07,プリクラ、剣遁E香川県
15960,及川E,すずきあんり,88,F,59,87,167,1985-12-11,カラオケ、Eアメイク、ダーチE東京都
15890,香崎留羁EしんどぁEぁE99,G,55,90,161,1985-04-10,,東京都
15630,仁菜あやぁEせいりゅぁE,90,,60,90,,,,
15571,松本聖孁EさきあいめE98,G,60,86,155,1983-03-05,音楽鑑賁E神奈川県
15562,沢木愁EさとぁEEろみ,92,E,60,88,166,1987-01-11,映画鑑賁E東京都
15529,山口ルウ,さわきあぁE91,F,60,90,164,1984-10-16,スノEー、トランペッチE兵庫省E15388,結城リチEさえきEるか,88,D,60,88,165,,,
15372,美波愁EしらぁEまりこ,90,F,60,85,,1985-09-29,,
15192,青山さくめEそEみえりぁE98,F,63,95,,,,
15164,小泉咲孁EそうまさやぁE86,,58,85,,,,
15151,若菁EそあめE82,E,56,86,146,1987-03-05,ショチEング、映画鑑賞、カラオケ、テニス,北海遁E14905,瀬名えみめEしみずかよこ,98,G,65,93,164,,,
14858,卯月真奈羁EせなえみめE90,E,58,86,153,1983-08-20,ネイルアート、ゴルフ、スキューバ、読書,宮城県
14854,岸めE,しまだななぁE92,E,66,90,168,,,
14678,瀬里奁EしおみめEな,80,D,56,84,151,1985-07-17,旁E、テニス,神奈川県
14624,宝生瑠璁Eせりな,88,H,59,86,,1986-01-01,ショチEイング,東京都
14601,紁E,しおめE90,E,58,85,163,1982-10-20,チEス、英会話,
14588,堀江ルイ,しいなぁEめE86,D,58,86,160,1985-12-12,ゲーム、Eンガ,神奈川県
14471,斉藤十E,しらかわさつぁE90,E,60,88,,,,
14392,平山たかね,さいとぁEはめE94,F,64,89,159,,,
14325,愛乁Eラ,さやぁE95,H,60,86,156,1986-10-15,ショチEング、スポEチE
14056,藤谷ペコ,しいなれいぁE84,C,56,83,154,1985-11-11,料理、お散歩,秋田省E13897,聖まりあ,すずらん,86,,60,87,150,1985-08-07,水泳、ショチEング,
13739,日野麻琁EEしいなまなみ,83,C,60,85,157,,,
13641,姫宮ラム,さくまりょぁE,100,I,57,85,158,,,
13569,大川ゆぁE,せきぐちめEぁE80,,58,82,166,1978-12-03,,東京都
13564,青山ちえり,さえばまめE86,,59,86,,,,
13432,一の樹愁EせりざわじゅめE87,D,58,88,166,1983-01-12,サーフィン、キャチEウォーク,神奈川県
13284,夕樹ミチルE美濁EEEしまざきりや,88,,60,88,168,1971-09-17,,東京都
13009,椎名恵孁Eせりざわりお,83,,60,88,160,1969-12-11,,愛知省E12948,愛咲めEめEしいなけいぁE82,,60,86,155,1975-08-08,,
12572,風果なつ,せとあや,88,D,58,86,162,,,
12498,小野砂繁EしいなすみめE84,C,60,83,157,1984-09-19,スノEボEド、ダンス,東京都
12390,佐、E美羽,さくらいめEぁE110,,61,88,167,1979-11-27,ゴルフ、水泳、ピアチE十E省E12298,柴咲ユウ,ささきみぁE110,I,67,95,160,,,
12220,斉藤由羁EしEさきめE,100,H,63,84,,1984-03-03,料理,
12217,福井亜羁Eさえきみほ,85,D,58,86,,1985-04-15,ネイルアーチE
12214,青山葉孁EしろめEみぁE95,F,64,87,158,,,
12201,黒田恵羁EさいとぁEみ,90,,58,80,,,,
12102,クリスチャン リー,せりざわれい,88,E,61,88,157,1985-05-28,ダンス,東京都
12039,上野えり,さいとぁEぁE85,C,57,86,157,1985-03-03,絵画,愛知省E11841,大橋E未,すずきあすか,85,,58,86,155,1975-10-28,,東京都
11769,川峰さくめEさかぐちともか,105,I,66,89,156,,,
11574,聖まこと,そあめE78,,58,83,,1986-03-05,,
11519,瀬名紫,しいなめE,83,C,58,85,160,1984-12-24,バレエ、ピアノ、ジム,京都庁E11490,橘Eかる,しいなれい,85,E,53,80,153,1984-01-31,野球、バスケ,新潟県
11402,星野藍孁EしらめEあや,100,H,62,90,164,1983-03-03,ショチEング,
11387,妁E馁EせなむらさぁE88,D,58,88,155,,,
11352,牁E梁EせりざわあいめE85,,56,80,157,1982-08-21,,大阪庁E11189,岡田裕羁EせなみぁE78,,60,83,,,,
11035,吉岡めぐみ,しじめEみぁE88,,60,88,160,,,
10991,三宿りさ,じょぁEれん,124,N,65,90,165,1971-07-15,歌EピアノEエレクトEン・作曲・格闘技観戦・旁EE天体観測・ガーチEング,神奈川県
10987,中川瞳,さくらださつぁE95,D,64,95,155,,,
10939,水森淳,せりざわもこ,84,E,57,83,,,,
10758,矢藤あき,しいなあきめE85,F,60,82,163,1985-04-06,,東京都
10684,平井和羁EしEはられぁE,101,,72,106,167,,,
10677,江口美貴,すんあE,90,,62,87,,,,
10666,早乙女みなき（朝倉なほEEしいなまめE,86,F,57,85,159,1978-04-15,,埼玉県
10658,西条麁EすぎめEけい,102,H,65,92,163,,読書、美術館巡り、フェラ、パイズリ,茨城県
10597,藤本美羽,すずきりな,93,G,60,91,,,,
10592,李華羁EしいなつばぁE82,,59,83,,,,
10586,渡瀬あみ,さおとめみなき（あさくらなほEE87,E,59,86,160,1983-05-28,ショチEング、バスケ、フチEサル、料琁E東京都
10576,植村琁EEさいじょぁEぁE87,D,59,86,163,1971-05-23,ショチEング,東京都
10147,上原愛里,さいとぁEこみ,88,F,59,89,158,1984-07-10,音楽鑑賞、料琁E埼玉県
9962,りん。（河野りん、菊川りえ！EさおとめEろみ,81,,58,85,153,1963-06-20,,
9749,香坂すみめEしらぁEきょぁE,93,E,62,90,158,,,
9466,武藤頁EEそらよりあおぁE89,,59,86,,,,
9432,河原真澁EしいなえりぁE84,,58,84,162,1978-06-16,,東京都
9337,松倉りぁEしまだりえ,92,G,63,94,,,,
9160,山口まめEせりざわなおみ,88,E,58,88,160,1982-03-19,フィチEネス,北海遁E9053,村上ほのぁEさわだなつぁE91,G,63,90,,,,
9048,西本めEぁEせなりょぁE,84,D,58,86,162,1980-03-22,,東京都
9017,優加しおめEさえぐさみぁE93,,60,87,163,1977-12-10,,東京都
8940,花園偿歁EしいなめEぁE81,B,58,82,,,,
8938,橘いずみ,さくらぎここぁE94,G,62,89,163,1983-12-05,写真を撮ること,
8808,河野りぁEさおとめれめE85,,60,83,,,,
8761,柴原ゆかり,せんどぁEこと,83,D,60,85,,,,
8697,仲井美币EしEはらゆかり,98,,63,93,,,,
8678,相田すみめEさえきなぁE87,,60,87,156,,,
8669,もなぁEすずかりめE90,F,59,86,161,1984-09-09,水泳、テニス、スポEチEE般,東京都
8618,瀬能あい,せなりか,87,D,56,88,155,1983-10-15,ミニバスケ、カラオケ、洋画を見ること,神奈川県
8481,麗馁EせEあい,85,C,57,84,,,,
8372,野口佳穁EせきねさちぁE84,,58,85,156,1972-09-17,,東京都
8349,小池絵美孁EさくらざわあぁE,92,F,58,85,151,,,
8194,君島美香子（君島美香！EさおとめらめE93,F,63,89,158,,,
8190,野、E京孁EしらぁEあや,90,F,60,89,165,1984-03-14,音楽鑑賁E東京都
8080,安原真羁EしいなみぁE83,D,56,82,153,1983-12-31,マラソン、カラオケ、映画鑑賁E埼玉県
8009,青木真紀,せとさきまさよ,89,E,62,90,,,,
8004,宮沢夕孁EさかしたまぁE90,F,58,86,165,1985-08-02,音楽鑑賞、エレクトEン,長野県
7952,涼見瀬里奁EさとみるうぁE96,G,64,95,160,1984-06-09,ダンス、バスケチEボEル,東京都
7805,宝月ひかる,そうまみぁE88,D,58,88,,,,
7780,藍山みなみ,すずみせりな,88,D,63,90,165,1972-06-10,,
7743,瀬戸由衣,しらとりさくら,92,G,59,88,158,1982-03-20,映画鑑賞、パソコン、パズル、散歩、EチEージ、早寝、迷子、ピアチE東京都
7617,香月舁EさかもとめEね,92,F,61,89,,,,
7553,藤沢翔孁EせとめE,85,E,58,84,160,1983-02-16,ショチEング、E楽鑑賞、バレーボEル、バスケチEボEル,東京都
7473,前田美樹,せとあきみ,81,,60,86,155,1980-03-24,,東京都
7397,青木琁E,せんどぁEりも,83,,58,84,,1979-02-28,,
7044,沼田ちひめEさえきしずか,85,,58,88,,1975-10-05,,
6974,岸川Eろみ,すざきゆな,85,C,60,87,161,,,
6964,相田由羁EせおとまぁE80,,52,80,,,,
6724,小泉春花,すぎもりかお,88,D,62,90,164,1982-10-16,カラオケ,
6690,結城琁EEしみずなつぁE92,,62,94,,,,
6682,渡瀬澪,せりざわはるか,88,D,58,86,157,1984-03-27,映画鑑賞、バトミントン,神奈川県
6596,斉藤薫,しいなめEぁE84,,57,85,,,,
6522,青木めE,しえめE90,,60,88,,1978-01-17,,兵庫省E6452,鴁Eリ孁EさいとぁEおる,83,,58,85,154,1977-06-30,,
6308,保坂めE,さえきうるみ,93,F,60,92,162,1984-02-07,スノEボEド、E楽鑑賁E
5896,RIKAE野、EリカEEさいじょぁEな,90,,59,87,,,,
5707,青木優孁EしEたまぁE,90,,59,89,,,,
5706,choco,じぇな じぇぁEEそん,110,,58,84,170,1974-04-09,,
5702,夏目しおめEさとむらりめE,93,,60,88,,,,
5588,白浜あんな,しげたかよこ,93,F,60,89,,,,
5496,中井淳孁Eさくらいあやみ,98,G,60,88,156,1981-11-17,音楽鑑賁E東京都
5492,品川幸菁Eせがわみさき,82,B,59,84,157,1983-05-02,カラオケ、バレーボEル,庁E省E5471,上村愁Eさくらいしほ,110,,75,98,153,,,
5468,桜井なぁEしらはまあんな,90,E,60,88,,,,
5467,若杉由菁Eすながまこと,88,,59,89,164,1975-03-10,,東京都
5437,立花かおめEしながわめEな,93,,59,92,,,,
5427,めEきりめEさえぐさみめE,82,C,59,83,155,1977-08-07,寝ること、カラオケ,東京都
5425,小川音孁EさくらいなぁE93,G,59,88,154,1986-03-01,クラチEチEバレエ,神奈川県
5391,直木亜弁Eしいなあゆ,84,C,58,85,155,1983-06-11,,神奈川県
5291,川奈さおり,せきぐちあきぁE88,D,62,90,160,,,
5252,愛川まめEすどぁEぁE,86,,60,88,160,,,
5191,吉川なつみ,さえきもめE84,C,60,84,,,,
5145,竹井美佐孁EしまだめEぁE89,,59,87,160,,カラオケ,
5045,筒見友,すがたれぁE,90,F,55,87,167,1977-04-21,チEス,東京都
5015,小柳あEめEさえきえりな,84,,58,88,,,,
5006,秋葉あつぁEせEみみ,83,B,60,88,,,,
4956,愛川さち,すずかぜなぎさ,85,,58,85,,,,
4928,鈴川玲琁EさいまめE85,C,60,88,160,1982-12-20,スケチE、習孁E東京都
4921,杉浦のめEしおめE83,B,56,85,158,1980-08-28,映画鑑賁E
4873,友崎亜币Eさえきことみ,86,,59,88,161,1970-02-15,,
4795,山崎華奁EすずかわれいめE90,F,61,88,,,,
4782,青井涼,さいとぁEみ,80,,54,83,156,1974-08-07,,
4778,須藤あゆみ,すぎぁEのめE85,D,87,83,162,1977-07-07,買物、ドライチE
4733,結川りぁEさいとぁEかE,84,,59,85,161,1973-12-25,,
4632,藍川めぐみ,すどぁEめE,90,E,59,85,163,1975-01-01,,
4600,椎名かおめEしらぁEさこ,89,,59,88,168,1972-10-25,,
4566,貝満ひとみ,せきほなみ,84,D,56,85,,1981-12-23,音楽鑑賁E
4549,如月真央,すぎめEあき,92,,60,92,,1979-04-01,,
4503,月野はるか,しいなかおめE99,,58,88,164,,,
4466,西尾美樹,すずもりまぁE87,,58,86,,1981-05-23,苺関俁E
4445,羽生れぁE,しいなひとみ,95,E,60,92,156,,,
4318,乁E葵,しいなまぁE90,G,57,85,155,1978-12-30,犬の散歩,静岡省E4284,叶頁EEしいなかえで,84,C,57,84,156,1984-03-03,,
4209,岡野真琴,すぎもとめEぁE86,C,58,85,,1975-03-18,,
4141,西浜りぁEしEめEかE,88,D,60,90,160,,,
4123,寺田弥甁Eせとはるみ,103,H,67,94,,,,
4083,椎名カヲル,すぎはらみり（みずEらみさとEE91,G,60,88,168,1979-08-11,カウンセリング,新潟県
4023,椎名ヒカル,すぎめEまみ,85,E,60,88,,1981-04-03,カラオケ、料琁E水泳,
3873,小野まどぁEしいなかをめE80,,58,85,,1981-03-10,散歩,
3867,大沢舞孁EしおめE88,E,61,88,,1980-08-15,,
3811,藤木那奁Eしいなひかる,82,,59,85,,1981-08-16,カラオケ,
3746,木原れぁEすぎもとれな,88,,62,90,160,1970-08-06,,
3628,遠野春币EしいなみぁE83,,59,88,152,1979-12-05,,東京都
3600,北原志穁EさくらEこゆぁE98,H,63,89,,,,
3594,瀬名さくらE藤原史歩EEさえきなな,90,G,63,90,170,1985-12-29,バドミントン,新潟県
3270,露木陽孁Eせなさくら（EじわらしほEE101,K,60,88,163,1975-01-31,,神奈川県
3260,零忍（結良詩絵EEさくらEかる,91,,60,88,,1983-03-14,旁EE
3160,流川瞬,さわきりな,92,F,62,89,,1981-10-15,映画鑑賁E
3152,流川ユリア,しんじょぁEぁEEあさみかやEE93,F,60,94,,1974-01-15,ネイルアーチE
3129,葉山美妁Eすずきあさみ,88,,59,85,164,1981-03-25,,
3125,葉山みづぁEすずきEりこ,92,,60,88,,,,
3123,葉月麁EすずきじめE,97,,60,92,,,,
3114,揚美麁Eすずきももこ,88,,55,88,162,1976-12-24,音楽鑑賁E大阪庁E3108,夕樹舞孁Eすずきくるみ,87,D,59,86,151,1979-09-10,チEィーベア雁E、旅衁E京都庁E3084,裕川詩音,すずきももか,86,,58,88,166,1977-08-08,,兵庫省E3082,有希蘭,すずかわあんな,85,,58,87,,1978-12-02,,
2913,望月ねね,すえながあみ,92,G,60,89,158,1981-02-10,スポEチEすること,
2635,藤本聖名孁Eしらかわひな,93,C,60,88,,1981-08-25,,
2628,藤田リチEしらぁEめE,90,F,60,85,,1971-09-06,,
2345,朝倉まりあ,しいなはるよ,84,D,58,88,160,1977-12-24,,東京都
2344,中野千夁EしいなまめE85,C,58,86,,1977-12-03,,
2343,中尾加奈孁EしいなまぁE86,C,59,87,159,1981-02-10,ショチEング,東京都
2336,中谷つぐみ,しいなるい,83,D,58,86,158,1981-01-23,ピアノ、料琁E長野県
2333,中谷カイチEしいなみなみ,86,,59,88,,,,
2331,中村京孁Eしいなみずき,83,B,60,88,,,,
2330,中森朔夁EしいなこEみ,85,,60,87,159,,,
2329,中森加奁EしいなくらめE83,D,55,82,,1981-03-16,料理を作ること,
2328,中山ひなの,しいなえり,85,E,58,85,155,1979-12-20,スノEボEチE東京都
2326,沢山涼孁EしいなあすぁE88,,60,90,,1980-12-12,,
2316,大野香代孁EせとじゅめE88,D,58,88,168,1984-12-08,映画鑑賞、ショチEング、エチE,十E省E2150,相沢優馁EさわめEりょぁE,92,E,62,92,167,1977-11-09,カラオケ,東京都
2146,相沢まみ,さわぐちみぁE101,J,60,87,161,1975-09-01,乗馬,神奈川県
2011,石野かれん,さおとめあめE85,D,60,85,,,,
2010,斉木里菜,さおとめつくし,85,D,58,87,155,1983-02-14,読書,東京都
1918,青木樹釁EせんどぁEりあ,88,C,60,80,,,,
1913,青木クリス,せんばのめE84,D,62,88,,,,
1879,西野美緁Eさいきりな,86,,60,85,,,,
1877,西野奈、EEさいききな,80,B,58,85,,1979-02-16,旁E、カラオケ,
1803,瀬戸恵孁EしみずまぁE88,D,56,88,,1977-08-09,,
1800,瀬戸はるか,しみずかおり,88,F,58,82,157,1979-11-22,カラオケ、料琁E神奈川県
1763,水咲かりめEせぬまかすみ,83,D,57,86,,1980-05-21,ショチEング,
1758,水原晶,せとぁEあすぁE86,D,59,87,,1981-05-20,ショチEング,
1756,神谷麗孁EせとけいぁE82,C,55,84,161,1966-04-25,料理、Eべ歩き、旅、散歩、老Eること、EEは恋EすることEE静岡省E1753,神崎南,せとはるか,85,,59,88,,1978-08-08,,
1752,真木ぁEみ,せらことぁE83,,58,81,,,,
1751,真樹さくめEせらりかぁE87,D,60,88,,1980-05-08,,
1744,深田里菜,すがわらかおめE85,D,58,89,157,1976-02-01,洋服を作ること,東京都
1738,深田美穁EすぎもとみめEE,86,C,59,89,,,作詁E
1737,深沢芹馁Eすぎもとまりえ,85,E,57,87,155,1977-05-18,ショチEング,東京都
1725,森野あおE,すぎさきふみな,88,D,58,88,158,,,
1535,上原あやぁEしんじょぁEぁE93,G,60,90,153,1977-12-23,ダンス,東京都
1408,小室友里,しょぁEみめE,92,E,58,85,168,1970-01-08,,京都庁E1237,山冁Eおり,しゃくEちぁE96,,59,90,,1979-07-21,,
1234,山吹恵孁EしEざきさとみ,88,C,60,86,157,,,
1232,山吹ケイチEしEはらまお（すなぁEEるきEE88,E,59,88,160,1974-11-10,散歩,東京都
1189,三月あんE甘味ぁEご！EさかぁEなみEEらさきあおいEE100,G,60,98,170,1979-01-01,犬の散歩、料琁E北海遁E1116,砂倉彩,さえぐさりょぁE,87,,58,86,,,,
1074,佐乁E悠宁EさくらいまぁE93,G,56,85,,1980-01-23,,
1057,紺野美孁EさくらたまぁE92,D,63,90,162,,ネイルアーチE東京都
1027,紺野沙繁EさえきりめE,88,F,58,90,153,1979-03-06,ボディーボEド、E琁E戦、スノEボEチE東京都
1026,紺堂つかさ,さえきかえで,93,F,60,88,,,,
1022,今井今日孁EさえじまみどめE84,C,57,84,162,1981-02-18,食べ歩き（ラーメンE、パソコン、バスケチE,埼玉県
1021,黒木凁EさえじまなぁE83,,54,83,158,1968-03-23,音楽鑑賁E東京都
1020,黒沢愁EさえづきしぁE88,E,56,83,150,1975-03-08,,大阪庁E1008,高尾まぁEさいとぁEぁE82,,58,87,160,1968-07-06,,東京都
1002,高嶋陽孁EさいとぁEかさ,90,E,60,88,,1979-12-31,読書、映画鑑賁E
1001,高田のめEさいきみな,84,,56,85,163,1978-02-23,,東京都
995,高原玲奁EさくらあめE100,H,65,94,,,,
988,高見涼E柳はるかEEさえきゆめE86,,57,86,154,1973-07-01,,
965,香田みめE,ささきゆぁE94,,60,85,155,1974-04-23,,
959,香咲綾,さくまめE,93,,61,88,,,,
566,遠藤悠羁EせきぐちあずぁE88,D,59,86,160,1979-12-07,,東京都
402,葵あかね,しおたゆりえ,83,C,58,86,,,,
389,愛咲めE,そEべりか,88,G,57,88,,1980-08-24,ピアチE
169,Saiko,すEめE90,F,55,85,157,1983-07-10,ショチEング,東京都
115,,せとぁEあすぁE87,D,56,88,158,1981-05-20,ショチEング、バスケチE,
114,,すてぁEー ばれんたいめE89,,65,91,,,,
97,,しEざきさとみEみさわあやEE88,,58,86,159,1963-01-18,,
89,,しいなじゅんな,83,C,60,84,160,1981-02-28,ショチEング、料琁E東京都
79,,ささきEぁE,92,F,59,86,157,1978-01-10,,
8,,さいぁE80,B,59,82,162,1983-04-12,料理、大食い,東京都
